<?xml version="1.0" encoding="UTF-8"?>
<!--
    Copyright 2014-2017, Red Hat, Inc. and/or its affiliates, and individual
    contributors by the @authors tag. 

    Licensed under the Apache License, Version 2.0 (the "License");
    you may not use this file except in compliance with the License.
    You may obtain a copy of the License at
    https://www.apache.org/licenses/LICENSE-2.0
    Unless required by applicable law or agreed to in writing, software
    distributed under the License is distributed on an "AS IS" BASIS,
    WITHOUT WARRANTIES OR CONDITIONS OF ANY KIND, either express or implied.
    See the License for the specific language governing permissions and
    limitations under the License.
-->
<!--
   This is the OSGi Blueprint XML file defining the Camel context and routes.  Because the file is in the
   OSGI-INF/blueprint directory inside our JAR, it will be automatically activated as soon as the bundle is installed.

   The root element for any OSGi Blueprint file is 'blueprint' - you also see the namespace definitions for both the Blueprint
   and the Camel namespaces.
-->
<blueprint xmlns="http://www.osgi.org/xmlns/blueprint/v1.0.0"
    xmlns:xsi="http://www.w3.org/2001/XMLSchema-instance" xsi:schemaLocation="http://www.osgi.org/xmlns/blueprint/v1.0.0 https://www.osgi.org/xmlns/blueprint/v1.0.0/blueprint.xsd                            http://camel.apache.org/schema/blueprint https://camel.apache.org/schema/blueprint/camel-blueprint-2.17.7.xsd">
    <!--
      The namespace for the camelContext element in Blueprint is 'https://camel.apache.org/schema/blueprint'. Additionally,
      we can also define namespace prefixes we want to use them in the XPath expressions in our CBR.

      While it is not required to assign id's to the <camelContext/> and <route/> elements, it is a good idea
      to set those for runtime management purposes (logging, JMX MBeans, ...)
    -->
    <reference id="httpService" interface="org.osgi.service.http.HttpService"/>
    <bean
        class="org.apache.camel.component.servlet.CamelHttpTransportServlet" id="camelServlet"/>
    <bean
        class="org.apache.camel.component.servlet.osgi.OsgiServletRegisterer"
        destroy-method="unregister"
        id="bean-a611ad3c-b0b7-4188-8726-f33d75736289" init-method="register">
        <property name="alias" value="/camel"/>
        <property name="httpService" ref="httpService"/>
        <property name="servlet" ref="camelServlet"/>
    </bean>
    <camelContext id="fuse-example-context" xmlns="http://camel.apache.org/schema/blueprint">
        <packageScan>
            <package>com.redhat.training.jb421</package>
        </packageScan>
        <restConfiguration component="servlet"/>
        <route id="log-route">
            <from id="message-timer" uri="timer:foo?period=1s"/>
            <setBody id="set-message">
                <simple>Hello from Camel!</simple>
            </setBody>
            <log id="log-message" message=">>> ${body} : ${id}"/>
        </route>
    </camelContext>
</blueprint>
