<?xml version="1.0" encoding="UTF-8"?>
<payments>
	<payment>
		<orderId>1</orderId>
		<item>ROUTER</item>
		<value>25</value>
		<monetary>USD</monetary>
		<customer>JOHN DOE</customer>
	</payment>
	<payment>
		<orderId>2</orderId>
		<item>SWITCH</item>
		<value>35</value>
		<monetary>EURO</monetary>
		<customer>MARY DOE</customer>
	</payment>
	<payment>
		<orderId>3</orderId>
		<item>LAPTOP</item>
		<value>1400</value>
		<monetary>INR</monetary>
		<customer>MARK DOE</customer>
	</payment>
</payments>