<?xml version="1.0" encoding="UTF-8"?>
<beans xmlns="http://www.springframework.org/schema/beans"
    xmlns:xsi="http://www.w3.org/2001/XMLSchema-instance" xsi:schemaLocation="       http://www.springframework.org/schema/beans http://www.springframework.org/schema/beans/spring-beans.xsd       http://camel.apache.org/schema/spring http://camel.apache.org/schema/spring/camel-spring.xsd    ">
    <bean class="com.redhat.training.jb421.OrderRouteBuilder" id="orderRouteBuilder"/>
    <camelContext id="jb421Context" xmlns="http://camel.apache.org/schema/spring">
        <routeBuilder ref="orderRouteBuilder"/>
    </camelContext>
    <bean
        class="org.springframework.jdbc.datasource.DriverManagerDataSource" id="mysqlDataSource">
        <property name="driverClassName" value="com.mysql.jdbc.Driver"/>
        <property name="url" value="jdbc:mysql://localhost:3306/bookstore"/>
        <property name="username" value="bookstore"/>
        <property name="password" value="redhat"/>
    </bean>
    <!-- <bean class="org.apache.commons.dbcp.BasicDataSource"
        destroy-method="close" id="mysqlDataSource">
        <property name="driverClassName" value="com.mysql.jdbc.Driver"/>
        <property name="url" value="jdbc:mysql://localhost/bookstore"/>
        <property name="username" value="bookstore"/>
        <property name="password" value="redhat"/>
    </bean> -->
    <bean
        class="org.springframework.orm.jpa.LocalContainerEntityManagerFactoryBean" id="entityManagerFactory">
        <property name="persistenceXmlLocation" value="classpath:./META-INF/persistence.xml"/>
        <property name="persistenceUnitName" value="mysql"/>
        <property name="dataSource" ref="mysqlDataSource"/>
    </bean>
    <bean class="org.springframework.orm.jpa.JpaTransactionManager" id="transactionManager">
        <property name="entityManagerFactory" ref="entityManagerFactory"/>
        <property name="dataSource" ref="mysqlDataSource"/>
    </bean>
</beans>
