<order>
	<orderId>2</orderId>
	<orderDate>2016-12-10T12:01:00-05:00</orderDate>
	<totalInvoice>84.13</totalInvoice>
	<customer>
		<shippingAddress>
			<state>AK</state>
		</shippingAddress>
	</customer>

	<orderItems>
		<orderItem>
			<orderItemId>4</orderItemId>
			<orderItemQty>1</orderItemQty>
			<orderItemPublisherName>ORly</orderItemPublisherName>
			<orderItemPrice>NA</orderItemPrice>
		</orderItem>
		<orderItem>
			<orderItemId>5</orderItemId>
			<orderItemQty>2</orderItemQty>
			<orderItemPublisherName>ABC Company</orderItemPublisherName>
			<orderItemPrice>NA</orderItemPrice>
		</orderItem>
		<orderItem>
			<orderItemId>6</orderItemId>
			<orderItemQty>4</orderItemQty>
			<orderItemPublisherName>Namming</orderItemPublisherName>
			<orderItemPrice>5.59</orderItemPrice>
		</orderItem>
	</orderItems>
</order>
