<order>
	<orderId>1</orderId>
	<orderDate>2018-07-10T12:01:00-05:00</orderDate>
	<totalInvoice>79.73</totalInvoice>
	<customer>
		<shippingAddress>
			<state/>
		</shippingAddress>
	</customer>
	<orderItems>
		<orderItem>
			<orderItemId>1</orderItemId>
			<orderItemQty>1.5</orderItemQty>
			<orderItemPublisherName>ORly</orderItemPublisherName>
			<orderItemPrice>10.59</orderItemPrice>
		</orderItem>
		<orderItem>
			<orderItemId>2</orderItemId>
			<orderItemQty>2.2</orderItemQty>
			<orderItemPublisherName>ABC Company</orderItemPublisherName>
			<orderItemPrice>25.59</orderItemPrice>
		</orderItem>
		<orderItem>
			<orderItemId>3</orderItemId>
			<orderItemQty>1.35</orderItemQty>
			<orderItemPublisherName>Namming</orderItemPublisherName>
			<orderItemPrice>5.59</orderItemPrice>
		</orderItem>
	</orderItems>
</order>
